estado,municipio,url
Acre,Brasileia,https://www.brasileia.ac.gov.br
Acre,Cruzeiro do Sul,https://www.cruzeirodosul.ac.gov.br
Acre,Epitaciolândia,https://www.epitaciolandia.ac.gov.br
Acre,Feijó,https://www.feijo.ac.gov.br
Acre,Mâncio Lima,https://www.manciolima.ac.gov.br
Acre,Plácido de Castro,https://www.placidodecastro.ac.gov.br
Acre,Rio Branco,https://www.riobranco.ac.gov.br
Acre,Rodrigues Alves,https://www.rodriguesalves.ac.gov.br
Acre,Sena Madureira,https://www.senamadureira.ac.gov.br
Acre,Senador Guiomard,https://www.senadorguiomard.ac.gov.br
Acre,Tarauacá,https://www.tarauaca.ac.gov.br
Acre,Xapuri,https://www.xapuri.ac.gov.br
Alagoas,Arapiraca,https://www.arapiraca.al.gov.br
Alagoas,Coruripe,https://www.coruripe.al.gov.br
Alagoas,Delmiro Gouveia,https://www.delmirogouveia.al.gov.br
Alagoas,Maceió,https://www.maceio.al.gov.br
Alagoas,Maragogi,https://www.maragogi.al.gov.br
Alagoas,Marechal Deodoro,https://www.marechaldeodoro.al.gov.br
Alagoas,Murici,https://www.murici.al.gov.br
Alagoas,Palmeira dos Índios,https://www.palmeiradosindios.al.gov.br
Alagoas,Penedo,https://www.penedo.al.gov.br
Alagoas,Piranhas,https://www.piranhas.al.gov.br
Alagoas,Rio Largo,https://www.riolargo.al.gov.br
Alagoas,Santana do Ipanema,https://www.santanadoipanema.al.gov.br
Alagoas,São Miguel dos Campos,https://www.saomigueldoscampos.al.gov.br
Alagoas,São Miguel dos Milagres,https://www.saomigueldosmilagres.al.gov.br
Alagoas,União dos Palmares,https://www.uniaoedospalmares.al.gov.br
Amapá,Calçoene,https://www.calcoene.ap.gov.br
Amapá,Ferreira Gomes,https://www.ferreiragomes.ap.gov.br
Amapá,Laranjal do Jari,https://www.laranjaldojari.ap.gov.br
Amapá,Macapá,https://www.macapa.ap.gov.br
Amapá,Mazagão,https://www.mazagao.ap.gov.br
Amapá,Oiapoque,https://www.oiapoque.ap.gov.br
Amapá,Pedra Branca do Amapari,https://www.pedrabrancadoamapari.ap.gov.br
Amapá,Porto Grande,https://www.portogrande.ap.gov.br
Amapá,Santana,https://www.santana.ap.gov.br
Amapá,Tartarugalzinho,https://www.tartarugalzinho.ap.gov.br
Amazonas,Barcelos,https://www.barcelos.am.gov.br
Amazonas,Coari,https://www.coari.am.gov.br
Amazonas,Eirunepé,https://www.eirunepe.am.gov.br
Amazonas,Humaitá,https://www.humaita.am.gov.br
Amazonas,Iranduba,https://www.iranduba.am.gov.br
Amazonas,Itacoatiara,https://www.itacoatiara.am.gov.br
Amazonas,Lábrea,https://www.labrea.am.gov.br
Amazonas,Manacapuru,https://www.manacapuru.am.gov.br
Amazonas,Manaus,https://www.manaus.am.gov.br
Amazonas,Manicoré,https://www.manicore.am.gov.br
Amazonas,Maués,https://www.maues.am.gov.br
Amazonas,Parintins,https://www.parintins.am.gov.br
Amazonas,Tabatinga,https://www.tabatinga.am.gov.br
Amazonas,Tefé,https://www.tefe.am.gov.br
Bahia,Alagoinhas,https://www.alagoinhas.ba.gov.br
Bahia,Barreiras,https://www.barreiras.ba.gov.br
Bahia,Camaçari,https://www.camacari.ba.gov.br
Bahia,Cruz das Almas,https://www.cruzdasalmas.ba.gov.br
Bahia,Eunápolis,https://www.eunapolis.ba.gov.br
Bahia,Feira de Santana,https://www.feiradesantana.ba.gov.br
Bahia,Guanambi,https://www.guanambi.ba.gov.br
Bahia,Ilhéus,https://www.ilheus.ba.gov.br
Bahia,Irecê,https://www.irece.ba.gov.br
Bahia,Itabuna,https://www.itabuna.ba.gov.br
Bahia,Jacobina,https://www.jacobina.ba.gov.br
Bahia,Jequié,https://www.jequie.ba.gov.br
Bahia,Juazeiro,https://www.juazeiro.ba.gov.br
Bahia,Lauro de Freitas,https://www.laurodefreitas.ba.gov.br
Bahia,Paulo Afonso,https://www.pauloafonso.ba.gov.br
Bahia,Porto Seguro,https://www.portoseguro.ba.gov.br
Bahia,Salvador,https://www.salvador.ba.gov.br
Bahia,Santo Antônio de Jesus,https://www.santoantoniodejesus.ba.gov.br
Bahia,Senhor do Bonfim,https://www.senhordebonfim.ba.gov.br
Bahia,Serrinha,https://www.serrinha.ba.gov.br
Bahia,Simões Filho,https://www.simoesfil.ba.gov.br
Bahia,Teixeira de Freitas,https://www.teixeiradefreitas.ba.gov.br
Bahia,Valença,https://www.valenca.ba.gov.br
Bahia,Vitória da Conquista,https://www.pmvc.ba.gov.br
Ceará,Aquiraz,https://www.aquiraz.ce.gov.br
Ceará,Aracati,https://www.aracati.ce.gov.br
Ceará,Camocim,https://www.camocim.ce.gov.br
Ceará,Canindé,https://www.caninde.ce.gov.br
Ceará,Caucaia,https://www.caucaia.ce.gov.br
Ceará,Crateús,https://www.crateus.ce.gov.br
Ceará,Crato,https://www.crato.ce.gov.br
Ceará,Fortaleza,https://www.fortaleza.ce.gov.br
Ceará,Horizonte,https://www.horizonte.ce.gov.br
Ceará,Iguatu,https://www.iguatu.ce.gov.br
Ceará,Itapipoca,https://www.itapipoca.ce.gov.br
Ceará,Juazeiro do Norte,https://www.juazeirodonorte.ce.gov.br
Ceará,Limoeiro do Norte,https://www.limoeirodonorte.ce.gov.br
Ceará,Maracanaú,https://www.maracanau.ce.gov.br
Ceará,Maranguape,https://www.maranguape.ce.gov.br
Ceará,Pacatuba,https://www.pacatuba.ce.gov.br
Ceará,Quixadá,https://www.quixada.ce.gov.br
Ceará,Quixeramobim,https://www.quixeramobim.ce.gov.br
Ceará,Russas,https://www.russas.ce.gov.br
Ceará,Sobral,https://www.sobral.ce.gov.br
Ceará,Tauá,https://www.taua.ce.gov.br
Ceará,Tianguá,https://www.tiangua.ce.gov.br
Distrito Federal,Brasília,https://www.brasilia.df.gov.br
Distrito Federal,Ceilândia,https://www.ceilandia.df.gov.br
Distrito Federal,Planaltina,https://www.planaltina.df.gov.br
Distrito Federal,Samambaia,https://www.samambaia.df.gov.br
Distrito Federal,Taguatinga,https://www.taguatinga.df.gov.br
Espírito Santo,Anchieta,https://www.anchieta.es.gov.br
Espírito Santo,Aracruz,https://www.aracruz.es.gov.br
Espírito Santo,Barra de São Francisco,https://www.barradesaofrancisco.es.gov.br
Espírito Santo,Cachoeiro de Itapemirim,https://www.cachoeiro.es.gov.br
Espírito Santo,Cariacica,https://www.cariacica.es.gov.br
Espírito Santo,Colatina,https://www.colatina.es.gov.br
Espírito Santo,Guarapari,https://www.guarapari.es.gov.br
Espírito Santo,Linhares,https://www.linhares.es.gov.br
Espírito Santo,Marataízes,https://www.marataizes.es.gov.br
Espírito Santo,Nova Venécia,https://www.novavenecia.es.gov.br
Espírito Santo,Piúma,https://www.piuma.es.gov.br
Espírito Santo,Serra,https://www.serra.es.gov.br
Espírito Santo,São Mateus,https://www.saomateus.es.gov.br
Espírito Santo,Viana,https://www.viana.es.gov.br
Espírito Santo,Vila Velha,https://www.vilavelha.es.gov.br
Espírito Santo,Vitória,https://www.vitoria.es.gov.br
Goiás,Anápolis,https://www.anapolis.go.gov.br
Goiás,Aparecida de Goiânia,https://www.aparecida.go.gov.br
Goiás,Caldas Novas,https://www.caldasnovas.go.gov.br
Goiás,Catalão,https://www.catalao.go.gov.br
Goiás,Formosa,https://www.formosa.go.gov.br
Goiás,Goianira,https://www.goianira.go.gov.br
Goiás,Goianésia,https://www.goianesia.go.gov.br
Goiás,Goiânia,https://www.goiania.go.gov.br
Goiás,Inhumas,https://www.inhumas.go.gov.br
Goiás,Itumbiara,https://www.itumbiara.go.gov.br
Goiás,Jataí,https://www.jatai.go.gov.br
Goiás,Luziânia,https://www.luziania.go.gov.br
Goiás,Mineiros,https://www.mineiros.go.gov.br
Goiás,Niquelândia,https://www.niquelandia.go.gov.br
Goiás,Novo Gama,https://www.novogama.go.gov.br
Goiás,Planaltina,https://www.planaltina.go.gov.br
Goiás,Quirinópolis,https://www.quirinopolis.go.gov.br
Goiás,Rio Verde,https://www.rioverde.go.gov.br
Goiás,Senador Canedo,https://www.senadorcanedo.go.gov.br
Goiás,Trindade,https://www.trindade.go.gov.br
Goiás,Uruaçu,https://www.uruacu.go.gov.br
Goiás,Valparaíso de Goiás,https://www.valparaisodegoias.go.gov.br
Goiás,Águas Lindas de Goiás,https://www.aguaslindasdegoias.go.gov.br
Maranhão,Açailândia,https://www.acailandia.ma.gov.br
Maranhão,Bacabal,https://www.bacabal.ma.gov.br
Maranhão,Balsas,https://www.balsas.ma.gov.br
Maranhão,Barra do Corda,https://www.barradocorda.ma.gov.br
Maranhão,Caxias,https://www.caxias.ma.gov.br
Maranhão,Chapadinha,https://www.chapadinha.ma.gov.br
Maranhão,Codó,https://www.codo.ma.gov.br
Maranhão,Coroatá,https://www.coroata.ma.gov.br
Maranhão,Grajaú,https://www.grajau.ma.gov.br
Maranhão,Imperatriz,https://www.imperatriz.ma.gov.br
Maranhão,Itapecuru Mirim,https://www.itapecurumirim.ma.gov.br
Maranhão,Paço do Lumiar,https://www.pacodolumiar.ma.gov.br
Maranhão,Pinheiro,https://www.pinheiro.ma.gov.br
Maranhão,Santa Inês,https://www.santaines.ma.gov.br
Maranhão,São José de Ribamar,https://www.saojosederibamar.ma.gov.br
Maranhão,São Luís,https://www.saoluis.ma.gov.br
Maranhão,Timon,https://www.timon.ma.gov.br
Maranhão,Viana,https://www.viana.ma.gov.br
Maranhão,Zé Doca,https://www.zedoca.ma.gov.br
Mato Grosso,Alta Floresta,https://www.altafloresta.mt.gov.br
Mato Grosso,Barra do Garças,https://www.barradogarcas.mt.gov.br
Mato Grosso,Colider,https://www.colider.mt.gov.br
Mato Grosso,Cuiabá,https://www.cuiaba.mt.gov.br
Mato Grosso,Cáceres,https://www.caceres.mt.gov.br
Mato Grosso,Guarantã do Norte,https://www.guarantadononorte.mt.gov.br
Mato Grosso,Juína,https://www.juina.mt.gov.br
Mato Grosso,Lucas do Rio Verde,https://www.lucasdorioverde.mt.gov.br
Mato Grosso,Pontes e Lacerda,https://www.pontesdelacerda.mt.gov.br
Mato Grosso,Primavera do Leste,https://www.primaveradoleste.mt.gov.br
Mato Grosso,Rondonópolis,https://www.rondonopolis.mt.gov.br
Mato Grosso,Sinop,https://www.sinop.mt.gov.br
Mato Grosso,Sorriso,https://www.sorriso.mt.gov.br
Mato Grosso,Tangará da Serra,https://www.tangaradaserra.mt.gov.br
Mato Grosso,Várzea Grande,https://www.varzeagrande.mt.gov.br
Mato Grosso do Sul,Aparecida do Taboado,https://www.aparecidadotaboado.ms.gov.br
Mato Grosso do Sul,Aquidauana,https://www.aquidauana.ms.gov.br
Mato Grosso do Sul,Bonito,https://www.bonito.ms.gov.br
Mato Grosso do Sul,Caarapó,https://www.caarapo.ms.gov.br
Mato Grosso do Sul,Campo Grande,https://www.campogrande.ms.gov.br
Mato Grosso do Sul,Corumbá,https://www.corumba.ms.gov.br
Mato Grosso do Sul,Dourados,https://www.dourados.ms.gov.br
Mato Grosso do Sul,Jardim,https://www.jardim.ms.gov.br
Mato Grosso do Sul,Maracaju,https://www.maracaju.ms.gov.br
Mato Grosso do Sul,Naviraí,https://www.navirai.ms.gov.br
Mato Grosso do Sul,Nova Andradina,https://www.novaandradina.ms.gov.br
Mato Grosso do Sul,Ponta Porã,https://www.pontapora.ms.gov.br
Mato Grosso do Sul,Sidrolândia,https://www.sidrolandia.ms.gov.br
Mato Grosso do Sul,São Gabriel do Oeste,https://www.saogabrieldooeste.ms.gov.br
Mato Grosso do Sul,Três Lagoas,https://www.treslagoas.ms.gov.br
Minas Gerais,Alfenas,https://www.alfenas.mg.gov.br
Minas Gerais,Araguari,https://www.araguari.mg.gov.br
Minas Gerais,Araxá,https://www.araxa.mg.gov.br
Minas Gerais,Barbacena,https://www.barbacena.mg.gov.br
Minas Gerais,Belo Horizonte,https://prefeitura.pbh.gov.br
Minas Gerais,Betim,https://www.betim.mg.gov.br
Minas Gerais,Caratinga,https://www.caratinga.mg.gov.br
Minas Gerais,Conselheiro Lafaiete,https://www.conselheirolafaiete.mg.gov.br
Minas Gerais,Contagem,https://www.contagem.mg.gov.br
Minas Gerais,Coronel Fabriciano,https://www.coronelfabriciano.mg.gov.br
Minas Gerais,Curvelo,https://www.curvelo.mg.gov.br
Minas Gerais,Diamantina,https://www.diamantina.mg.gov.br
Minas Gerais,Divinópolis,https://www.divinopolis.mg.gov.br
Minas Gerais,Formiga,https://www.formiga.mg.gov.br
Minas Gerais,Governador Valadares,https://www.valadares.mg.gov.br
Minas Gerais,Ipatinga,https://www.ipatinga.mg.gov.br
Minas Gerais,Itabira,https://www.itabira.mg.gov.br
Minas Gerais,Itajubá,https://www.itajuba.mg.gov.br
Minas Gerais,Itaúna,https://www.itauna.mg.gov.br
Minas Gerais,Juiz de Fora,https://www.pjf.mg.gov.br
Minas Gerais,Lavras,https://www.lavras.mg.gov.br
Minas Gerais,Montes Claros,https://www.montesclaros.mg.gov.br
Minas Gerais,Muriaé,https://www.muriae.mg.gov.br
Minas Gerais,Nova Lima,https://www.novalima.mg.gov.br
Minas Gerais,Ouro Preto,https://www.ouropreto.mg.gov.br
Minas Gerais,Passos,https://www.passos.mg.gov.br
Minas Gerais,Patos de Minas,https://www.patosdeminas.mg.gov.br
Minas Gerais,Petrolina,https://www.petrolina.mg.gov.br
Minas Gerais,Pouso Alegre,https://www.pousoalegre.mg.gov.br
Minas Gerais,Poços de Caldas,https://www.pocosdecaldas.mg.gov.br
Minas Gerais,Ribeirão das Neves,https://www.ribeiraodasneves.mg.gov.br
Minas Gerais,Sabará,https://www.sabara.mg.gov.br
Minas Gerais,Santa Luzia,https://www.santaluzia.mg.gov.br
Minas Gerais,Sete Lagoas,https://www.setelagoas.mg.gov.br
Minas Gerais,Teófilo Otoni,https://www.teofilootoni.mg.gov.br
Minas Gerais,Três Corações,https://www.trescoracoes.mg.gov.br
Minas Gerais,Uberaba,https://www.uberaba.mg.gov.br
Minas Gerais,Uberlândia,https://www.uberlandia.mg.gov.br
Minas Gerais,Ubá,https://www.uba.mg.gov.br
Minas Gerais,Varginha,https://www.varginha.mg.gov.br
Minas Gerais,Viçosa,https://www.vicosa.mg.gov.br
Paraná,Almirante Tamandaré,https://www.almirante.pr.gov.br
Paraná,Apucarana,https://www.apucarana.pr.gov.br
Paraná,Araucária,https://www.araucaria.pr.gov.br
Paraná,Cambé,https://www.cambe.pr.gov.br
Paraná,Campo Largo,https://www.campolargo.pr.gov.br
Paraná,Cascavel,https://www.cascavel.pr.gov.br
Paraná,Castro,https://www.castro.pr.gov.br
Paraná,Cianorte,https://www.cianorte.pr.gov.br
Paraná,Colombo,https://www.colombo.pr.gov.br
Paraná,Cornélio Procópio,https://www.cornelioprocopio.pr.gov.br
Paraná,Curitiba,https://www.curitiba.pr.gov.br
Paraná,Fazenda Rio Grande,https://www.fazendariogrande.pr.gov.br
Paraná,Foz do Iguaçu,https://www.pmfi.pr.gov.br
Paraná,Francisco Beltrão,https://www.franciscobeltrao.pr.gov.br
Paraná,Guarapuava,https://www.guarapuava.pr.gov.br
Paraná,Irati,https://www.irati.pr.gov.br
Paraná,Londrina,https://www.londrina.pr.gov.br
Paraná,Marechal Cândido Rondon,https://www.mcr.pr.gov.br
Paraná,Maringá,https://www.maringa.pr.gov.br
Paraná,Paranaguá,https://www.paranagua.pr.gov.br
Paraná,Paranavaí,https://www.paranavai.pr.gov.br
Paraná,Pinhais,https://www.pinhais.pr.gov.br
Paraná,Ponta Grossa,https://www.pontagrossa.pr.gov.br
Paraná,Rolândia,https://www.rolandia.pr.gov.br
Paraná,Sarandi,https://www.sarandi.pr.gov.br
Paraná,São José dos Pinhais,https://www.sjp.pr.gov.br
Paraná,Telêmaco Borba,https://www.telemacoborba.pr.gov.br
Paraná,Toledo,https://www.toledo.pr.gov.br
Paraná,Umuarama,https://www.umuarama.pr.gov.br
Paraíba,Bayeux,https://www.bayeux.pb.gov.br
Paraíba,Cabedelo,https://www.cabedelo.pb.gov.br
Paraíba,Cajazeiras,https://www.cajazeiras.pb.gov.br
Paraíba,Campina Grande,https://www.campinagrandepb.gov.br
Paraíba,Esperança,https://www.esperanca.pb.gov.br
Paraíba,Guarabira,https://www.guarabira.pb.gov.br
Paraíba,Itabaiana,https://www.itabaiana.pb.gov.br
Paraíba,João Pessoa,https://www.joaopessoa.pb.gov.br
Paraíba,Mamanguape,https://www.mamanguape.pb.gov.br
Paraíba,Monteiro,https://www.monteiro.pb.gov.br
Paraíba,Patos,https://www.patos.pb.gov.br
Paraíba,Pombal,https://www.pombal.pb.gov.br
Paraíba,Queimadas,https://www.queimadas.pb.gov.br
Paraíba,Santa Rita,https://www.santarita.pb.gov.br
Paraíba,Sousa,https://www.sousa.pb.gov.br
Pará,Abaetetuba,https://www.abaetetuba.pa.gov.br
Pará,Altamira,https://www.altamira.pa.gov.br
Pará,Ananindeua,https://www.ananindeua.pa.gov.br
Pará,Barcarena,https://www.barcarena.pa.gov.br
Pará,Belém,https://www.belem.pa.gov.br
Pará,Bragança,https://www.braganca.pa.gov.br
Pará,Breves,https://www.breves.pa.gov.br
Pará,Cametá,https://www.cameta.pa.gov.br
Pará,Capanema,https://www.capanema.pa.gov.br
Pará,Castanhal,https://www.castanhal.pa.gov.br
Pará,Itaituba,https://www.itaituba.pa.gov.br
Pará,Marabá,https://www.maraba.pa.gov.br
Pará,Maracanã,https://www.maracana.pa.gov.br
Pará,Oriximiná,https://www.oriximina.pa.gov.br
Pará,Paragominas,https://www.paragominas.pa.gov.br
Pará,Parauapebas,https://www.parauapebas.pa.gov.br
Pará,Redenção,https://www.redencao.pa.gov.br
Pará,Santarém,https://www.santarem.pa.gov.br
Pará,São Félix do Xingu,https://www.saofelixdoxingu.pa.gov.br
Pará,Tucuruí,https://www.tucurui.pa.gov.br
Pernambuco,Arcoverde,https://www.arcoverde.pe.gov.br
Pernambuco,Belo Jardim,https://www.belojardim.pe.gov.br
Pernambuco,Bezerros,https://www.bezerros.pe.gov.br
Pernambuco,Cabo de Santo Agostinho,https://www.cabofrio.pe.gov.br
Pernambuco,Camaragibe,https://www.camaragibe.pe.gov.br
Pernambuco,Caruaru,https://www.caruaru.pe.gov.br
Pernambuco,Garanhuns,https://www.garanhuns.pe.gov.br
Pernambuco,Igarassu,https://www.igarassu.pe.gov.br
Pernambuco,Ipojuca,https://www.ipojuca.pe.gov.br
Pernambuco,Jaboatão dos Guararapes,https://www.jaboatao.pe.gov.br
Pernambuco,Olinda,https://www.olinda.pe.gov.br
Pernambuco,Paulista,https://www.paulista.pe.gov.br
Pernambuco,Petrolina,https://www.petrolina.pe.gov.br
Pernambuco,Recife,https://www.recife.pe.gov.br
Pernambuco,Salgueiro,https://www.salgueiro.pe.gov.br
Pernambuco,Santa Cruz do Capibaribe,https://www.santacruz.pe.gov.br
Pernambuco,Serra Talhada,https://www.serratalhada.pe.gov.br
Pernambuco,Vitória de Santo Antão,https://www.victoriadesantoantao.pe.gov.br
Piauí,Altos,https://www.altos.pi.gov.br
Piauí,Barras,https://www.barras.pi.gov.br
Piauí,Batalha,https://www.batalha.pi.gov.br
Piauí,Campo Maior,https://www.campomaior.pi.gov.br
Piauí,Corrente,https://www.corrente.pi.gov.br
Piauí,Floriano,https://www.floriano.pi.gov.br
Piauí,José de Freitas,https://www.josedefreitas.pi.gov.br
Piauí,Oeiras,https://www.oeiras.pi.gov.br
Piauí,Parnaíba,https://www.parnaiba.pi.gov.br
Piauí,Picos,https://www.picos.pi.gov.br
Piauí,Pirapora,https://www.pirapora.pi.gov.br
Piauí,Piripiri,https://www.piripiri.pi.gov.br
Piauí,São Raimundo Nonato,https://www.saoraimundononato.pi.gov.br
Piauí,Teresina,https://www.teresina.pi.gov.br
Rio Grande do Norte,Apodi,https://www.apodi.rn.gov.br
Rio Grande do Norte,Assu,https://www.assu.rn.gov.br
Rio Grande do Norte,Açu,https://www.acu.rn.gov.br
Rio Grande do Norte,Caicó,https://www.caico.rn.gov.br
Rio Grande do Norte,Ceará-Mirim,https://www.cearamirim.rn.gov.br
Rio Grande do Norte,Currais Novos,https://www.curraisnovos.rn.gov.br
Rio Grande do Norte,João Câmara,https://www.joaocamara.rn.gov.br
Rio Grande do Norte,Macaíba,https://www.macaiba.rn.gov.br
Rio Grande do Norte,Mossoró,https://www.mossoro.rn.gov.br
Rio Grande do Norte,Natal,https://www.natal.rn.gov.br
Rio Grande do Norte,Nova Cruz,https://www.novacruz.rn.gov.br
Rio Grande do Norte,Parnamirim,https://www.parnamirim.rn.gov.br
Rio Grande do Norte,Pau dos Ferros,https://www.paudosferros.rn.gov.br
Rio Grande do Norte,Santa Cruz,https://www.santacruz.rn.gov.br
Rio Grande do Norte,São Gonçalo do Amarante,https://www.saogoncalodoamarante.rn.gov.br
Rio Grande do Sul,Alvorada,https://www.alvorada.rs.gov.br
Rio Grande do Sul,Bagé,https://www.bage.rs.gov.br
Rio Grande do Sul,Bento Gonçalves,https://www.bentogoncalves.rs.gov.br
Rio Grande do Sul,Cachoeirinha,https://www.cachoeirinha.rs.gov.br
Rio Grande do Sul,Cachoeiro do Sul,https://www.cachoeiradosul.rs.gov.br
Rio Grande do Sul,Canoas,https://www.canoas.rs.gov.br
Rio Grande do Sul,Carlos Barbosa,https://www.carlosbarbosa.rs.gov.br
Rio Grande do Sul,Caxias do Sul,https://www.caxias.rs.gov.br
Rio Grande do Sul,Erechim,https://www.erechim.rs.gov.br
Rio Grande do Sul,Estrela,https://www.estrela.rs.gov.br
Rio Grande do Sul,Farroupilha,https://www.farroupilha.rs.gov.br
Rio Grande do Sul,Gravataí,https://www.gravatai.rs.gov.br
Rio Grande do Sul,Guaíba,https://www.guaiba.rs.gov.br
Rio Grande do Sul,Ijuí,https://www.ijui.rs.gov.br
Rio Grande do Sul,Lajeado,https://www.lajeado.rs.gov.br
Rio Grande do Sul,Montenegro,https://www.montenegro.rs.gov.br
Rio Grande do Sul,Novo Hamburgo,https://www.novohamburgo.rs.gov.br
Rio Grande do Sul,Parobé,https://www.parobe.rs.gov.br
Rio Grande do Sul,Passo Fundo,https://www.passofundo.rs.gov.br
Rio Grande do Sul,Pelotas,https://www.pelotas.rs.gov.br
Rio Grande do Sul,Porto Alegre,https://www.portoalegre.rs.gov.br
Rio Grande do Sul,Rio Grande,https://www.riogrande.rs.gov.br
Rio Grande do Sul,Santa Cruz do Sul,https://www.santacruz.rs.gov.br
Rio Grande do Sul,Santa Maria,https://www.santamaria.rs.gov.br
Rio Grande do Sul,Sapiranga,https://www.sapiranga.rs.gov.br
Rio Grande do Sul,Sapucaia do Sul,https://www.sapucaiadosul.rs.gov.br
Rio Grande do Sul,São Leopoldo,https://www.saoleopoldo.rs.gov.br
Rio Grande do Sul,Taquara,https://www.taquara.rs.gov.br
Rio Grande do Sul,Uruguaiana,https://www.uruguaiana.rs.gov.br
Rio Grande do Sul,Venâncio Aires,https://www.venancioaires.rs.gov.br
Rio Grande do Sul,Viamão,https://www.viamao.rs.gov.br
Rio de Janeiro,Angra dos Reis,https://www.angra.rj.gov.br
Rio de Janeiro,Barra Mansa,https://www.barramansa.rj.gov.br
Rio de Janeiro,Belford Roxo,https://www.belfordroxo.rj.gov.br
Rio de Janeiro,Cabo Frio,https://www.cabofrio.rj.gov.br
Rio de Janeiro,Campos dos Goytacazes,https://www.campos.rj.gov.br
Rio de Janeiro,Duque de Caxias,https://www.duquedecaxias.rj.gov.br
Rio de Janeiro,Itaboraí,https://www.itaborai.rj.gov.br
Rio de Janeiro,Itaguaí,https://www.itaguai.rj.gov.br
Rio de Janeiro,Japeri,https://www.japeri.rj.gov.br
Rio de Janeiro,Macaé,https://www.macae.rj.gov.br
Rio de Janeiro,Magé,https://www.mage.rj.gov.br
Rio de Janeiro,Maricá,https://www.marica.rj.gov.br
Rio de Janeiro,Mesquita,https://www.mesquita.rj.gov.br
Rio de Janeiro,Nilópolis,https://www.nilopolis.rj.gov.br
Rio de Janeiro,Niterói,https://www.niteroi.rj.gov.br
Rio de Janeiro,Nova Friburgo,https://www.novafriburgo.rj.gov.br
Rio de Janeiro,Nova Iguaçu,https://www.novaiguacu.rj.gov.br
Rio de Janeiro,Paracambi,https://www.paracambi.rj.gov.br
Rio de Janeiro,Petrópolis,https://www.petropolis.rj.gov.br
Rio de Janeiro,Queimados,https://www.queimados.rj.gov.br
Rio de Janeiro,Resende,https://www.resende.rj.gov.br
Rio de Janeiro,Rio de Janeiro,https://www.rio.rj.gov.br
Rio de Janeiro,Seropédica,https://www.seropedica.rj.gov.br
Rio de Janeiro,São Gonçalo,https://www.pmsg.rj.gov.br
Rio de Janeiro,São João de Meriti,https://www.pmsjm.rj.gov.br
Rio de Janeiro,Teresópolis,https://www.teresopolis.rj.gov.br
Rio de Janeiro,Valença,https://www.valenca.rj.gov.br
Rio de Janeiro,Vassouras,https://www.vassouras.rj.gov.br
Rio de Janeiro,Volta Redonda,https://www.voltaredonda.rj.gov.br
Rio de Janeiro,Volta Redonda,https://www.voltaredonda.rj.gov.br
Rondônia,Ariquemes,https://www.ariquemes.ro.gov.br
Rondônia,Buritis,https://www.buritis.ro.gov.br
Rondônia,Cacoal,https://www.cacoal.ro.gov.br
Rondônia,Espigão do Oeste,https://www.espigaodooeste.ro.gov.br
Rondônia,Guajará-Mirim,https://www.guajaramirim.ro.gov.br
Rondônia,Jaru,https://www.jaru.ro.gov.br
Rondônia,Ji-Paraná,https://www.ji-parana.ro.gov.br
Rondônia,Ouro Preto do Oeste,https://www.ouropretodooeste.ro.gov.br
Rondônia,Pimenta Bueno,https://www.pimentabueno.ro.gov.br
Rondônia,Porto Velho,https://www.portovelho.ro.gov.br
Rondônia,Rolim de Moura,https://www.rolimdemoura.ro.gov.br
Rondônia,Vilhena,https://www.vilhena.ro.gov.br
Roraima,Alto Alegre,https://www.altoalegre.rr.gov.br
Roraima,Boa Vista,https://www.boavista.rr.gov.br
Roraima,Bonfim,https://www.bonfim.rr.gov.br
Roraima,Cantá,https://www.canta.rr.gov.br
Roraima,Caracaraí,https://www.caracarai.rr.gov.br
Roraima,Iracema,https://www.iracema.rr.gov.br
Roraima,Mucajaí,https://www.mucajai.rr.gov.br
Roraima,Pacaraima,https://www.pacaraima.rr.gov.br
Roraima,Rorainópolis,https://www.rorainopolis.rr.gov.br
Santa Catarina,Araranguá,https://www.ararangua.sc.gov.br
Santa Catarina,Balneário Camboriú,https://www.balneariocamboriu.sc.gov.br
Santa Catarina,Biguaçu,https://www.biguacu.sc.gov.br
Santa Catarina,Blumenau,https://www.blumenau.sc.gov.br
Santa Catarina,Brusque,https://www.brusque.sc.gov.br
Santa Catarina,Camboriú,https://www.camboriu.sc.gov.br
Santa Catarina,Canoinhas,https://www.canoinhas.sc.gov.br
Santa Catarina,Caçador,https://www.cacador.sc.gov.br
Santa Catarina,Chapecó,https://www.chapeco.sc.gov.br
Santa Catarina,Concórdia,https://www.concordia.sc.gov.br
Santa Catarina,Criciúma,https://www.criciuma.sc.gov.br
Santa Catarina,Florianópolis,https://www.pmf.sc.gov.br
Santa Catarina,Gaspar,https://www.gaspar.sc.gov.br
Santa Catarina,Itajaí,https://www.itajai.sc.gov.br
Santa Catarina,Itapema,https://www.itapema.sc.gov.br
Santa Catarina,Jaraguá do Sul,https://www.jaraguadosul.sc.gov.br
Santa Catarina,Joinville,https://www.joinville.sc.gov.br
Santa Catarina,Lages,https://www.lages.sc.gov.br
Santa Catarina,Laguna,https://www.laguna.sc.gov.br
Santa Catarina,Mafra,https://www.mafra.sc.gov.br
Santa Catarina,Navegantes,https://www.navegantes.sc.gov.br
Santa Catarina,Palhoça,https://www.palhoca.sc.gov.br
Santa Catarina,Rio do Sul,https://www.riodosul.sc.gov.br
Santa Catarina,São Bento do Sul,https://www.saobentodosul.sc.gov.br
Santa Catarina,São Francisco do Sul,https://www.saofranciscodosul.sc.gov.br
Santa Catarina,São José,https://www.saojose.sc.gov.br
Santa Catarina,Tubarão,https://www.tubarao.sc.gov.br
Santa Catarina,Videira,https://www.videira.sc.gov.br
Santa Catarina,Xanxerê,https://www.xanxere.sc.gov.br
Sergipe,Aracaju,https://www.aracaju.se.gov.br
Sergipe,Barra dos Coqueiros,https://www.barradoscoqueiros.se.gov.br
Sergipe,Carmópolis,https://www.carmopolis.se.gov.br
Sergipe,Estância,https://www.estancia.se.gov.br
Sergipe,Itabaiana,https://www.itabaiana.se.gov.br
Sergipe,Itabaianinha,https://www.itabaianinha.se.gov.br
Sergipe,Lagarto,https://www.lagarto.se.gov.br
Sergipe,Nossa Senhora das Dores,https://www.nossasenhoradasdores.se.gov.br
Sergipe,Nossa Senhora do Socorro,https://www.nossasenhoradosocorro.se.gov.br
Sergipe,Propriá,https://www.propria.se.gov.br
Sergipe,Simão Dias,https://www.simaodiasse.gov.br
Sergipe,São Cristóvão,https://www.saocristovao.se.gov.br
Sergipe,Tobias Barreto,https://www.tobiasbarreto.se.gov.br
São Paulo,Americana,https://www.americana.sp.gov.br
São Paulo,Araraquara,https://www.araraquara.sp.gov.br
São Paulo,Araçatuba,https://www.aracatuba.sp.gov.br
São Paulo,Barueri,https://www.barueri.sp.gov.br
São Paulo,Bauru,https://www.bauru.sp.gov.br
São Paulo,Botucatu,https://www.botucatu.sp.gov.br
São Paulo,Campinas,https://www.campinas.sp.gov.br
São Paulo,Carapicuíba,https://www.carapicuiba.sp.gov.br
São Paulo,Catanduva,https://www.catanduva.sp.gov.br
São Paulo,Caçapava,https://www.cacapava.sp.gov.br
São Paulo,Cotia,https://www.cotia.sp.gov.br
São Paulo,Diadema,https://www.diadema.sp.gov.br
São Paulo,Embu das Artes,https://www.embu.sp.gov.br
São Paulo,Ferraz de Vasconcelos,https://www.ferrazdevasconcelos.sp.gov.br
São Paulo,Franca,https://www.franca.sp.gov.br
São Paulo,Guarujá,https://www.guaruja.sp.gov.br
São Paulo,Guarulhos,https://www.guarulhos.sp.gov.br
São Paulo,Hortolândia,https://www.hortolandia.sp.gov.br
São Paulo,Indaiatuba,https://www.indaiatuba.sp.gov.br
São Paulo,Itapevi,https://www.itapevi.sp.gov.br
São Paulo,Itaquaquecetuba,https://www.itaquaquecetuba.sp.gov.br
São Paulo,Jacareí,https://www.jacarei.sp.gov.br
São Paulo,Jundiaí,https://www.jundiai.sp.gov.br
São Paulo,Lençóis Paulista,https://www.lencoispaulista.sp.gov.br
São Paulo,Limeira,https://www.limeira.sp.gov.br
São Paulo,Marília,https://www.marilia.sp.gov.br
São Paulo,Mauá,https://www.maua.sp.gov.br
São Paulo,Mogi Guaçu,https://www.mogiguacu.sp.gov.br
São Paulo,Mogi das Cruzes,https://www.mogidascruzes.sp.gov.br
São Paulo,Osasco,https://www.osasco.sp.gov.br
São Paulo,Pindamonhangaba,https://www.pindamonhangaba.sp.gov.br
São Paulo,Piracicaba,https://www.piracicaba.sp.gov.br
São Paulo,Praia Grande,https://www.praiagrande.sp.gov.br
São Paulo,Presidente Prudente,https://www.presidenteprudente.sp.gov.br
São Paulo,Ribeirão Preto,https://www.ribeiraopreto.sp.gov.br
São Paulo,Rio Claro,https://www.rioclaro.sp.gov.br
São Paulo,Santo André,https://www.santoandre.sp.gov.br
São Paulo,Santos,https://www.santos.sp.gov.br
São Paulo,Sorocaba,https://www.sorocaba.sp.gov.br
São Paulo,Sumaré,https://www.sumare.sp.gov.br
São Paulo,Suzano,https://www.suzano.sp.gov.br
São Paulo,São Bernardo do Campo,https://www.saobernardo.sp.gov.br
São Paulo,São Caetano do Sul,https://www.saocaetanodosul.sp.gov.br
São Paulo,São Carlos,https://www.saocarlos.sp.gov.br
São Paulo,São José do Rio Preto,https://www.riopreto.sp.gov.br
São Paulo,São José dos Campos,https://www.sjc.sp.gov.br
São Paulo,São Paulo,https://www.prefeitura.sp.gov.br
São Paulo,São Vicente,https://www.saovicente.sp.gov.br
São Paulo,Taboão da Serra,https://www.taboaodaserra.sp.gov.br
São Paulo,Taubaté,https://www.taubate.sp.gov.br
Tocantins,Alvorada,https://www.alvorada.to.gov.br
Tocantins,Araguatins,https://www.araguatins.to.gov.br
Tocantins,Araguaína,https://www.araguaina.to.gov.br
Tocantins,Colinas do Tocantins,https://www.colinasdotocantins.to.gov.br
Tocantins,Dianópolis,https://www.dianopolis.to.gov.br
Tocantins,Formoso do Araguaia,https://www.formosodoaraguaia.to.gov.br
Tocantins,Guaraí,https://www.guarai.to.gov.br
Tocantins,Gurupi,https://www.gurupi.to.gov.br
Tocantins,Miracema do Tocantins,https://www.miracemadotocantins.to.gov.br
Tocantins,Palmas,https://www.palmas.to.gov.br
Tocantins,Paraíso do Tocantins,https://www.paraisodotocantins.to.gov.br
Tocantins,Pedro Afonso,https://www.pedroafonso.to.gov.br
Tocantins,Porto Nacional,https://www.portonacional.to.gov.br
Tocantins,Tocantinópolis,https://www.tocantinopolis.to.gov.br
